"0","variables <- c('Ð‘Ð°Ð·Ð¾Ñ„Ð¸Ð»Ñ‹_E1', 'Ð­Ð¾Ð·Ð¸Ð½Ð¾Ñ„Ð¸Ð»Ñ‹_E1', 'Ð“ÐµÐ¼Ð¾Ð³Ð»Ð¾Ð±Ð¸Ð½_E1')"
"0","data %>% select(variables)"
"2","ÐŸÑ€ÐµÐ´ÑƒÐ¿Ñ€ÐµÐ¶Ð´ÐµÐ½Ð¸Ðµ: Using an external vector in selections was deprecated in tidyselect 1.1.0.
Please use `all_of()` or `any_of()` instead.
# Was:
data %>% select(variables)

# Now:
data %>% select(all_of(variables))

See <https://tidyselect.r-lib.org/reference/faq-external-vector.html>."
"1","[1m[33mError[39m in `select()`:[22m
[33m![39m Can't select columns that don't exist.
[31mâœ–[39m Columns `Ð‘Ð°Ð·Ð¾Ñ„Ð¸Ð»Ñ‹_E1`, `Ð­Ð¾Ð·Ð¸Ð½Ð¾Ñ„Ð¸Ð»Ñ‹_E1`, and `Ð“ÐµÐ¼Ð¾Ð³Ð»Ð¾Ð±Ð¸Ð½_E1` don't exist.
Backtrace:
[90m 1. [39mdata %>% select(variables)
[90m 3. [39m[1m[94mdplyr:::select.data.frame([39m[22m., variables[1m[94m)[39m[22m
"
