"0","hogwarts |>
  select(id, house, bloodStatus, week_3) |>
  filter(!is.na(week_3)) |>
  ggplot(aes(x = reorder(house, -week_3), 
             y = week_3))+
  geom_boxplot(aes(fill = bloodStatus), notch = TRUE)+
   geom_jitter(shape = 16, position = position_jitter(0.15), alpha = 0.6, outliers = FALSE) +
 labs(
    title = ""–†–∞—Å–ø—Ä–µ–¥–µ–ª–µ–Ω–∏–µ –±–∞–ª–ª–æ–≤ —Å—Ç—É–¥–µ–Ω—Ç–æ–≤ –∑–∞ 3-—é –Ω–µ–¥–µ–ª—é –ø–æ —Ñ–∞–∫—É–ª—å—Ç–µ—Ç–∞–º"",
    x = ""–§–∞–∫—É–ª—å—Ç–µ—Ç"",
    y = ""–ë–∞–ª–ª—ã –∑–∞ 3-—é –Ω–µ–¥–µ–ª—é"",
    fill = ""–ü—Ä–æ–∏—Å—Ö–æ–∂–¥–µ–Ω–∏–µ"",
  ) +
  theme(
    plot.title = element_text(size = 16, face = ""bold"", hjust = 0.5),  # –ó–∞–≥–æ–ª–æ–≤–æ–∫
    axis.title.x = element_text(size = 14),  # –†–∞–∑–º–µ—Ä —à—Ä–∏—Ñ—Ç–∞ –¥–ª—è –æ—Å–∏ X
    axis.title.y = element_text(size = 14),  # –†–∞–∑–º–µ—Ä —à—Ä–∏—Ñ—Ç–∞ –¥–ª—è –æ—Å–∏ Y
    axis.text.x = element_text(angle = 45, hjust = 1),  # –£–≥–æ–ª –Ω–∞–∫–ª–æ–Ω–∞ –ø–æ–¥–ø–∏—Å–∏ —Ñ–∞–∫—É–ª—å—Ç–µ—Ç–æ–≤
    plot.caption = element_text(hjust = 0, face = ""italic"", size = 12)  # –ù–∞—Å—Ç—Ä–æ–π–∫–∞ –ø–æ–¥–ø–∏—Å–∏
  )+
  theme_bw()+
  theme_custom
"
"2","Warning: [38;5;252mIgnoring unknown parameters: `outliers`[39m"
