"0","statistics <- list("
"0","      `–ö–æ–ª–∏—á–µ—Å—Ç–≤–æ —Å—É–±—ä–µ–∫—Ç–æ–≤` = ~length(.x) %>% as.character(),"
"0","      `–ö–æ–ª–∏—á–µ—Å—Ç–≤–æ (–µ—Å—Ç—å –¥–∞–Ω–Ω—ã–µ)` = ~sum(!is.na(.x)) %>% as.character(),"
"0","      `–ù–µ—Ç –¥–∞–Ω–Ω—ã—Ö` = ~sum(is.na(.x)) %>% as.character(),"
"0","      `–°—Ä. –∑–Ω–∞—á.` = ~ifelse(sum(!is.na(.x)) == 0, ""–ù/–ü*"", mean(.x, na.rm = TRUE) %>% round(2) %>% as.character()),"
"0","      `–°—Ç–∞–Ω–¥. –æ—Ç–∫–ª–æ–Ω.` = ~ifelse(sum(!is.na(.x)) < 3, ""–ù/–ü*"", sd(.x, na.rm = TRUE) %>% round(2) %>% as.character()),"
"0","      `95% –î–ò –¥–ª—è —Å—Ä–µ–¥–Ω–µ–≥–æ` = ~sd(.x, na.rm = TRUE) %>% round(2) %>% as.character(),"
"0","      `–º–∏–Ω. - –º–∞–∫—Å.` = ~ifelse(sum(!is.na(.x)) == 0, ""–ù/–ü*"", paste0(min(.x, na.rm = TRUE) %>% round(2), "" - "", max(.x, na.rm = TRUE) %>% round(2))),"
"0","      `–ú–µ–¥–∏–∞–Ω–∞` = ~ifelse(sum(!is.na(.x)) == 0, ""–ù/–ü*"", median(.x, na.rm = TRUE) %>% round(2) %>% as.character()),"
"0","      `Q1 - Q3` = ~ifelse(sum(!is.na(.x)) == 0, ""–ù/–ü*"", paste0(quantile(.x, 0.25, na.rm = TRUE) %>% round(2), "" - "", quantile(.x, 0.75, na.rm = TRUE) %>% round(2)))"
"0",")"
"0","data %>% "
"0","  select(`–ì—Ä—É–ø–ø–∞`, where(is.numeric)) %>% "
"0","  group_by(`–ì—Ä—É–ø–ø–∞`) %>% "
"0","  summarize(across(where(is.numeric), statistics)) %>% "
"0","  pivot_longer(!`–ì—Ä—É–ø–ø–∞`) %>% "
"0","  separate(name, into = c(""–ü–µ—Ä–µ–º–µ–Ω–Ω–∞—è"", ""–°—Ç–∞—Ç–∏—Å—Ç–∏–∫–∞""), sep = ""_"") %>% "
"0","  rename(`–ó–Ω–∞—á–µ–Ω–∏–µ` = value) %>%"
"0","  flextable() %>% "
"0","  theme_box() %>% "
"0","  merge_v(c(""–ì—Ä—É–ø–ø–∞"", ""–ü–µ—Ä–µ–º–µ–Ω–Ω–∞—è""))"
"1","[1m[33mError[39m in `select()`:[22m
[33m![39m Can't select columns that don't exist.
[31m‚úñ[39m Column `–ì—Ä—É–ø–ø–∞` doesn't exist.
Backtrace:
[90m  1. [39m... %>% merge_v(c(""–ì—Ä—É–ø–ø–∞"", ""–ü–µ—Ä–µ–º–µ–Ω–Ω–∞—è""))
[90m 13. [39m[1m[94mdplyr:::select.data.frame([39m[22m., –ì—Ä—É–ø–ø–∞, where(is.numeric)[1m[94m)[39m[22m
"
